path_name,size


/500,11752
/brand/logo-cleanmymap-officiel.svg,1587
/brand/logo-cleanmymap.webp,58224
/brand/nouveau-logo.png,511168
/brand/pictogramme-cleanmymap.svg,670
/docs/visuels-rapport/data_pipeline.png,630075
/docs/visuels-rapport/ecosystem_overview.png,165886
/docs/visuels-rapport/monorepo_structure.png,604696
/docs/visuels-rapport/security_architecture.png,755554
/favicon.ico,25931
/favicon.svg,291
/file.svg,391
/globe.svg,1035
/manifest.json,523
/next.svg,1375
/robots.txt,3488
/sitemap.xml,5185
/vercel.svg,128
/window.svg,385
/_next/static/chunks/1173-856127acf03fd739.js,10246
/_next/static/chunks/1173-856127acf03fd739.js.map,41378
/_next/static/chunks/1301-bddecc0f5239759b.js,134230
/_next/static/chunks/1301-bddecc0f5239759b.js.map,561215
/_next/static/chunks/1467.b56b0d4dd2129165.js,11703
/_next/static/chunks/1467.b56b0d4dd2129165.js.map,36080
/_next/static/chunks/1579-f381b5f0085377ef.js,73789
/_next/static/chunks/1579-f381b5f0085377ef.js.map,216016
/_next/static/chunks/1592-fd25b8516a9d2b4c.js,48936
/_next/static/chunks/1592-fd25b8516a9d2b4c.js.map,96493
/_next/static/chunks/1738.ae4f5324d5350e60.js,7216
/_next/static/chunks/1738.ae4f5324d5350e60.js.map,32485
/_next/static/chunks/1979-febbdf4cca48fc54.js,151741
/_next/static/chunks/1979-febbdf4cca48fc54.js.map,728287
/_next/static/chunks/1f006d11-a96676fb8561ec71.js,96015
/_next/static/chunks/1f006d11-a96676fb8561ec71.js.map,299337
/_next/static/chunks/2098-17cce9df3856bce6.js,63004
/_next/static/chunks/2098-17cce9df3856bce6.js.map,247072
/_next/static/chunks/2187-c795fa2d3850a8d5.js,110267
/_next/static/chunks/2187-c795fa2d3850a8d5.js.map,549339
/_next/static/chunks/2388-8f482315beeb68b7.js,9087
/_next/static/chunks/2388-8f482315beeb68b7.js.map,19190
/_next/static/chunks/25c8a87d-a0f9dc86ec8d5b14.js,51633
/_next/static/chunks/25c8a87d-a0f9dc86ec8d5b14.js.map,199170
/_next/static/chunks/2724-6109d4fa721c7897.js,5581
/_next/static/chunks/2724-6109d4fa721c7897.js.map,27154
/_next/static/chunks/2874-0e19fc198ae69325.js,32797
/_next/static/chunks/2874-0e19fc198ae69325.js.map,139927
/_next/static/chunks/2924-129a9d2f687c5d51.js,13169
/_next/static/chunks/2924-129a9d2f687c5d51.js.map,44394
/_next/static/chunks/2ed8551c-de33325061c8c220.js,116894
/_next/static/chunks/2ed8551c-de33325061c8c220.js.map,5251440
/_next/static/chunks/303.3f7a95cef6581c10.js,71648
/_next/static/chunks/303.3f7a95cef6581c10.js.map,93502
/_next/static/chunks/316.badffa0ec9d7168e.js,1665
/_next/static/chunks/316.badffa0ec9d7168e.js.map,10750
/_next/static/chunks/3307-8dc68f5d149503f5.js,35733
/_next/static/chunks/3307-8dc68f5d149503f5.js.map,163949
/_next/static/chunks/3357-67a4b96e91fb9b36.js,26532
/_next/static/chunks/3357-67a4b96e91fb9b36.js.map,117302
/_next/static/chunks/3431-04d4188f6f12b3e1.js,13358
/_next/static/chunks/3431-04d4188f6f12b3e1.js.map,54799
/_next/static/chunks/3585-f644506886268613.js,11082
/_next/static/chunks/3585-f644506886268613.js.map,43477
/_next/static/chunks/3968-bcc871adf413eb49.js,145690
/_next/static/chunks/3968-bcc871adf413eb49.js.map,439537
/_next/static/chunks/4019-e441c757380476ec.js,7365
/_next/static/chunks/4019-e441c757380476ec.js.map,38254
/_next/static/chunks/4021.659917d27c1854f3.js,11013
/_next/static/chunks/4021.659917d27c1854f3.js.map,37423
/_next/static/chunks/4061-2c627c994752a81a.js,17392
/_next/static/chunks/4061-2c627c994752a81a.js.map,80375
/_next/static/chunks/4071-00716def4f7e950c.js,519403
/_next/static/chunks/4071-00716def4f7e950c.js.map,2738565
/_next/static/chunks/4089-1e65722c66843f5a.js,17021
/_next/static/chunks/4089-1e65722c66843f5a.js.map,92625
/_next/static/chunks/4147-9e4a24d28ec0f7eb.js,319968
/_next/static/chunks/4147-9e4a24d28ec0f7eb.js.map,1540143
/_next/static/chunks/4279-135506e819791108.js,47195
/_next/static/chunks/4279-135506e819791108.js.map,213909
/_next/static/chunks/4291.2914b95b93d7bf0a.js,501
/_next/static/chunks/4443.083862f6d4630827.js,954
/_next/static/chunks/4443.083862f6d4630827.js.map,2118
/_next/static/chunks/4447.6970978e0ed57bec.js,6479
/_next/static/chunks/4447.6970978e0ed57bec.js.map,30665
/_next/static/chunks/4792-a1a825e879c07b4e.js,22622
/_next/static/chunks/4792-a1a825e879c07b4e.js.map,37237
/_next/static/chunks/4898-f83f28f2e7666f3e.js,14704
/_next/static/chunks/4898-f83f28f2e7666f3e.js.map,44672
/_next/static/chunks/4977-00626cb6bc6363f3.js,10046
/_next/static/chunks/4977-00626cb6bc6363f3.js.map,43543
/_next/static/chunks/5272-9ce5fdb050d3b8e2.js,27202
/_next/static/chunks/5272-9ce5fdb050d3b8e2.js.map,82080
/_next/static/chunks/5587-e0a3404807929988.js,4341
/_next/static/chunks/5587-e0a3404807929988.js.map,34335
/_next/static/chunks/5604-14404bef08c4282c.js,13904
/_next/static/chunks/5604-14404bef08c4282c.js.map,80354
/_next/static/chunks/5622-ad5be590ada79a51.js,7149
/_next/static/chunks/5622-ad5be590ada79a51.js.map,36832
/_next/static/chunks/5680-7f69b2d6748e1a33.js,11534
/_next/static/chunks/5680-7f69b2d6748e1a33.js.map,43927
/_next/static/chunks/5716-293e1f73363bbf3d.js,127041
/_next/static/chunks/5716-293e1f73363bbf3d.js.map,308541
/_next/static/chunks/588-f7903786aacc6f87.js,6574
/_next/static/chunks/588-f7903786aacc6f87.js.map,34191
/_next/static/chunks/5925-c8726d0f0fc5afed.js,6889
/_next/static/chunks/5925-c8726d0f0fc5afed.js.map,45887
/_next/static/chunks/620c25d9-70708dd435a7c4ca.js,99668
/_next/static/chunks/620c25d9-70708dd435a7c4ca.js.map,331394
/_next/static/chunks/6612-6eb6feeec8603ae1.js,25928
/_next/static/chunks/6612-6eb6feeec8603ae1.js.map,144881
/_next/static/chunks/6745-313517a6c9629e03.js,11317
/_next/static/chunks/6745-313517a6c9629e03.js.map,64858
/_next/static/chunks/6970-573c20b1c63ef35a.js,12600
/_next/static/chunks/6970-573c20b1c63ef35a.js.map,88004
/_next/static/chunks/7236.1a36df717e07c379.js,44349
/_next/static/chunks/7236.1a36df717e07c379.js.map,138702
/_next/static/chunks/7336-d7f73ce8fbd163e2.js,141523
/_next/static/chunks/7336-d7f73ce8fbd163e2.js.map,522556
/_next/static/chunks/7342-d4e17196e4624604.js,16882
/_next/static/chunks/7342-d4e17196e4624604.js.map,87089
/_next/static/chunks/7353-34db18147a7b246d.js,22398
/_next/static/chunks/7353-34db18147a7b246d.js.map,52080
/_next/static/chunks/7454-5cccacc44460a2c0.js,14155
/_next/static/chunks/7454-5cccacc44460a2c0.js.map,57217
/_next/static/chunks/75504863-4ee6cce502b62fb0.js,59100
/_next/static/chunks/75504863-4ee6cce502b62fb0.js.map,266873
/_next/static/chunks/7569-af66b2eb9a36f56d.js,12378
/_next/static/chunks/7569-af66b2eb9a36f56d.js.map,55054
/_next/static/chunks/8085-53a07e3ceb2f69b7.js,14433
/_next/static/chunks/8085-53a07e3ceb2f69b7.js.map,71365
/_next/static/chunks/8233-0efcf1e84d676a9c.js,17352
/_next/static/chunks/8233-0efcf1e84d676a9c.js.map,72017
/_next/static/chunks/8562-130834c87b2ea180.js,9470
/_next/static/chunks/8562-130834c87b2ea180.js.map,25949
/_next/static/chunks/8710.8d1624f522c2834a.js,31940
/_next/static/chunks/8710.8d1624f522c2834a.js.map,86646
/_next/static/chunks/87c73c54-dc4f73df9227a8b9.js,199922
/_next/static/chunks/87c73c54-dc4f73df9227a8b9.js.map,734157
/_next/static/chunks/8835-eacb29afd26d38af.js,5325
/_next/static/chunks/8835-eacb29afd26d38af.js.map,51923
/_next/static/chunks/902.f1d23c38382f3aab.js,22063
/_next/static/chunks/902.f1d23c38382f3aab.js.map,61112
/_next/static/chunks/9669.492ee54d0563d5d4.js,763
/_next/static/chunks/9669.492ee54d0563d5d4.js.map,1821
/_next/static/chunks/9826-f5fbd5afd119f6da.js,31124
/_next/static/chunks/9826-f5fbd5afd119f6da.js.map,150645
/_next/static/chunks/9835-db699f16ee66c568.js,8737
/_next/static/chunks/9835-db699f16ee66c568.js.map,34714
/_next/static/chunks/9841-99752eddc77cfb77.js,82072
/_next/static/chunks/9841-99752eddc77cfb77.js.map,221785
/_next/static/chunks/9883-af5c12c995bcf3b4.js,12530
/_next/static/chunks/9883-af5c12c995bcf3b4.js.map,101609
/_next/static/chunks/9892-9e86c226e3183694.js,22539
/_next/static/chunks/9892-9e86c226e3183694.js.map,55263
/_next/static/chunks/app/_global-error/page-75b647f2a69400ee.js,502
/_next/static/chunks/app/_not-found/page-75b647f2a69400ee.js,502
/_next/static/chunks/app/(app)/actions/history/page-36a25f5c555174b9.js,17651
/_next/static/chunks/app/(app)/actions/history/page-36a25f5c555174b9.js.map,75054
/_next/static/chunks/app/(app)/actions/map/page-7530a166609d0ed9.js,77517
/_next/static/chunks/app/(app)/actions/map/page-7530a166609d0ed9.js.map,244155
/_next/static/chunks/app/(app)/actions/new/page-7b53c1a6f5f519d8.js,2564
/_next/static/chunks/app/(app)/actions/new/page-7b53c1a6f5f519d8.js.map,4298
/_next/static/chunks/app/(app)/admin/forms/page-0d9142c34e8cd218.js,12776
/_next/static/chunks/app/(app)/admin/forms/page-0d9142c34e8cd218.js.map,32720
/_next/static/chunks/app/(app)/admin/godmode/page-01c8407e53f84686.js,1341
/_next/static/chunks/app/(app)/admin/godmode/page-01c8407e53f84686.js.map,5620
/_next/static/chunks/app/(app)/admin/page-590448e750dc19ef.js,53492
/_next/static/chunks/app/(app)/admin/page-590448e750dc19ef.js.map,175765
/_next/static/chunks/app/(app)/admin/services/page-10088e59b1aee209.js,112324
/_next/static/chunks/app/(app)/admin/services/page-10088e59b1aee209.js.map,300522
/_next/static/chunks/app/(app)/community/page-75b647f2a69400ee.js,502
/_next/static/chunks/app/(app)/dashboard/page-33082a0a475c0c48.js,30904
/_next/static/chunks/app/(app)/dashboard/page-33082a0a475c0c48.js.map,92184
/_next/static/chunks/app/(app)/explorer/page-01c8407e53f84686.js,1341
/_next/static/chunks/app/(app)/explorer/page-01c8407e53f84686.js.map,5615
/_next/static/chunks/app/(app)/gamification/page-75b647f2a69400ee.js,502
/_next/static/chunks/app/(app)/layout-425a989453650d61.js,5458
/_next/static/chunks/app/(app)/layout-425a989453650d61.js.map,22380
/_next/static/chunks/app/(app)/loading-75b647f2a69400ee.js,502
/_next/static/chunks/app/(app)/messagerie/page-75b647f2a69400ee.js,502
/_next/static/chunks/app/(app)/methodologie/page-38fbe06f5ce7b893.js,34685
/_next/static/chunks/app/(app)/methodologie/page-38fbe06f5ce7b893.js.map,122155
/_next/static/chunks/app/(app)/missions/[id]/page-8a44ef62e3212db7.js,15695
/_next/static/chunks/app/(app)/missions/[id]/page-8a44ef62e3212db7.js.map,54538
/_next/static/chunks/app/(app)/observatoire/page-ec22111ac3ae2a97.js,20213
/_next/static/chunks/app/(app)/observatoire/page-ec22111ac3ae2a97.js.map,70951
/_next/static/chunks/app/(app)/open-data/page-75b647f2a69400ee.js,502
/_next/static/chunks/app/(app)/parcours/[profile]/page-6e94d83c64dad163.js,2497
/_next/static/chunks/app/(app)/parcours/[profile]/page-6e94d83c64dad163.js.map,4102
/_next/static/chunks/app/(app)/parcours/page-6e94d83c64dad163.js,2497
/_next/static/chunks/app/(app)/parcours/page-6e94d83c64dad163.js.map,4092
/_next/static/chunks/app/(app)/partners/dashboard/page-1864b5f74f4e597b.js,12233
/_next/static/chunks/app/(app)/partners/dashboard/page-1864b5f74f4e597b.js.map,41239
/_next/static/chunks/app/(app)/partners/network/page-6e36aa6e1be3b313.js,6333
/_next/static/chunks/app/(app)/partners/network/page-6e36aa6e1be3b313.js.map,28727
/_next/static/chunks/app/(app)/partners/onboarding/page-30c83fe064d56f62.js,23706
/_next/static/chunks/app/(app)/partners/onboarding/page-30c83fe064d56f62.js.map,75098
/_next/static/chunks/app/(app)/pilotage/page-bff5f3fcf5042db7.js,6333
/_next/static/chunks/app/(app)/pilotage/page-bff5f3fcf5042db7.js.map,28671
/_next/static/chunks/app/(app)/prints/report/page-887ead0acb401c5c.js,7524
/_next/static/chunks/app/(app)/prints/report/page-887ead0acb401c5c.js.map,15549
/_next/static/chunks/app/(app)/profil/[profile]/page-ccf34383dc8e3765.js,40500
/_next/static/chunks/app/(app)/profil/[profile]/page-ccf34383dc8e3765.js.map,109715
/_next/static/chunks/app/(app)/profil/impact/page-240e55f157511568.js,264
/_next/static/chunks/app/(app)/profil/impact/page-240e55f157511568.js.map,354
/_next/static/chunks/app/(app)/profil/page-6e94d83c64dad163.js,2497
/_next/static/chunks/app/(app)/profil/page-6e94d83c64dad163.js.map,4090
/_next/static/chunks/app/(app)/reports/page-ef8127064d79dd8c.js,68941
/_next/static/chunks/app/(app)/reports/page-ef8127064d79dd8c.js.map,162721
/_next/static/chunks/app/(app)/sandbox/page-75b647f2a69400ee.js,502
/_next/static/chunks/app/(app)/sections/[sectionId]/page-55130ee47eda9fb4.js,589963
/_next/static/chunks/app/(app)/sections/[sectionId]/page-55130ee47eda9fb4.js.map,1400578
/_next/static/chunks/app/(app)/sections/route/page-d5775586e252e6ce.js,10293
/_next/static/chunks/app/(app)/sections/route/page-d5775586e252e6ce.js.map,37865
/_next/static/chunks/app/(app)/signalement/page-8079588fab2c1c24.js,22286
/_next/static/chunks/app/(app)/signalement/page-8079588fab2c1c24.js.map,68084
/_next/static/chunks/app/(app)/sponsor-portal/page-050e7d42eb9b1d32.js,3614
/_next/static/chunks/app/(app)/sponsor-portal/page-050e7d42eb9b1d32.js.map,9523
/_next/static/chunks/app/accueil/page-a1a647ea5b43401b.js,14127
/_next/static/chunks/app/accueil/page-a1a647ea5b43401b.js.map,56893
/_next/static/chunks/app/api/account/display-mode/route-75b647f2a69400ee.js,502
/_next/static/chunks/app/api/account/profile-role/route-75b647f2a69400ee.js,502
/_next/static/chunks/app/api/actions/import/route-75b647f2a69400ee.js,502
/_next/static/chunks/app/api/actions/map/route-75b647f2a69400ee.js,502
/_next/static/chunks/app/api/actions/prefill/route-75b647f2a69400ee.js,502
/_next/static/chunks/app/api/actions/route-75b647f2a69400ee.js,502
/_next/static/chunks/app/api/actions/simple/route-75b647f2a69400ee.js,502
/_next/static/chunks/app/api/admin/codex-usage/route-75b647f2a69400ee.js,502
/_next/static/chunks/app/api/admin/creator-inbox/route-75b647f2a69400ee.js,502
/_next/static/chunks/app/api/admin/environmental-impact/route-75b647f2a69400ee.js,502
/_next/static/chunks/app/api/admin/free-plan-services/route-75b647f2a69400ee.js,502
/_next/static/chunks/app/api/admin/moderation/route-75b647f2a69400ee.js,502
/_next/static/chunks/app/api/admin/operations/route-75b647f2a69400ee.js,502
/_next/static/chunks/app/api/admin/partners/published-directory/route-75b647f2a69400ee.js,502
/_next/static/chunks/app/api/admin/promotion-requests/route-75b647f2a69400ee.js,502
/_next/static/chunks/app/api/admin/role-accounts/route-75b647f2a69400ee.js,502
/_next/static/chunks/app/api/admin/storage-usage/route-75b647f2a69400ee.js,502
/_next/static/chunks/app/api/analytics/funnel/route-75b647f2a69400ee.js,502
/_next/static/chunks/app/api/chat/route-75b647f2a69400ee.js,502
/_next/static/chunks/app/api/chat/users/route-75b647f2a69400ee.js,502
/_next/static/chunks/app/api/community/bug-reports/route-75b647f2a69400ee.js,502
/_next/static/chunks/app/api/community/events/ops/route-75b647f2a69400ee.js,502
/_next/static/chunks/app/api/community/events/route-75b647f2a69400ee.js,502
/_next/static/chunks/app/api/community/funnel.csv/route-75b647f2a69400ee.js,502
/_next/static/chunks/app/api/community/promotion-requests/route-75b647f2a69400ee.js,502
/_next/static/chunks/app/api/community/rsvps/route-75b647f2a69400ee.js,502
/_next/static/chunks/app/api/cron/environmental-impact/route-75b647f2a69400ee.js,502
/_next/static/chunks/app/api/cron/storage-usage/route-75b647f2a69400ee.js,502
/_next/static/chunks/app/api/documentation/[slug]/route-75b647f2a69400ee.js,502
/_next/static/chunks/app/api/email/test/route-75b647f2a69400ee.js,502
/_next/static/chunks/app/api/environmental-impact/route-75b647f2a69400ee.js,502
/_next/static/chunks/app/api/gamification/leaderboard/route-75b647f2a69400ee.js,502
/_next/static/chunks/app/api/gamification/me/route-75b647f2a69400ee.js,502
/_next/static/chunks/app/api/geo/address-suggestions/route-75b647f2a69400ee.js,502
/_next/static/chunks/app/api/health/route-75b647f2a69400ee.js,502
/_next/static/chunks/app/api/newsletter/subscribe/route-75b647f2a69400ee.js,502
/_next/static/chunks/app/api/notifications/route-75b647f2a69400ee.js,502
/_next/static/chunks/app/api/partners/onboarding-requests/route-75b647f2a69400ee.js,502
/_next/static/chunks/app/api/partners/published-directory/route-75b647f2a69400ee.js,502
/_next/static/chunks/app/api/pilotage/overview/route-75b647f2a69400ee.js,502
/_next/static/chunks/app/api/recycling/breakdown/route-75b647f2a69400ee.js,502
/_next/static/chunks/app/api/reports/actions.csv/route-75b647f2a69400ee.js,502
/_next/static/chunks/app/api/reports/actions.json/route-75b647f2a69400ee.js,502
/_next/static/chunks/app/api/reports/elus-dossier/route-75b647f2a69400ee.js,502
/_next/static/chunks/app/api/reports/governance-monthly/route-75b647f2a69400ee.js,502
/_next/static/chunks/app/api/route/recommend/route-75b647f2a69400ee.js,502
/_next/static/chunks/app/api/sandbox/runbook-checks/route-75b647f2a69400ee.js,502
/_next/static/chunks/app/api/send/route-75b647f2a69400ee.js,502
/_next/static/chunks/app/api/services/route-75b647f2a69400ee.js,502
/_next/static/chunks/app/api/spots/route-75b647f2a69400ee.js,502
/_next/static/chunks/app/api/stripe/webhook/route-75b647f2a69400ee.js,502
/_next/static/chunks/app/api/system/backpressure/route-75b647f2a69400ee.js,502
/_next/static/chunks/app/api/uptime/route-75b647f2a69400ee.js,502
/_next/static/chunks/app/api/users/checklist-progress/route-75b647f2a69400ee.js,502
/_next/static/chunks/app/api/users/profile/display-name-mode/route-75b647f2a69400ee.js,502
/_next/static/chunks/app/api/users/profile/handle/route-75b647f2a69400ee.js,502
/_next/static/chunks/app/conditions-generales-utilisation/page-30180d4c520acff4.js,243
/_next/static/chunks/app/conditions-generales-utilisation/page-30180d4c520acff4.js.map,327
/_next/static/chunks/app/conditions-utilisation/page-75b647f2a69400ee.js,502
/_next/static/chunks/app/contact/page-baabc06c98baef1c.js,379
/_next/static/chunks/app/contact/page-baabc06c98baef1c.js.map,775
/_next/static/chunks/app/declaration-simple/page-d3ef08438f30c8ea.js,19759
/_next/static/chunks/app/declaration-simple/page-d3ef08438f30c8ea.js.map,57087
/_next/static/chunks/app/declaration/page-75b647f2a69400ee.js,502
/_next/static/chunks/app/en/layout-75b647f2a69400ee.js,502
/_next/static/chunks/app/en/page-75b647f2a69400ee.js,502
/_next/static/chunks/app/error-ec4da5592ee8797a.js,18144
/_next/static/chunks/app/error-ec4da5592ee8797a.js.map,61248
/_next/static/chunks/app/error/429/page-01c8407e53f84686.js,1341
/_next/static/chunks/app/error/429/page-01c8407e53f84686.js.map,5610
/_next/static/chunks/app/form-comparison/page-6eeaad5abebe003d.js,6198
/_next/static/chunks/app/form-comparison/page-6eeaad5abebe003d.js.map,14128
/_next/static/chunks/app/layout-4da2ae6a2d3eda9c.js,97410
/_next/static/chunks/app/layout-4da2ae6a2d3eda9c.js.map,289522
/_next/static/chunks/app/learn/bonnes-pratiques/page-5b9ad17b3abcb3b1.js,23950
/_next/static/chunks/app/learn/bonnes-pratiques/page-5b9ad17b3abcb3b1.js.map,69095
/_next/static/chunks/app/learn/comprendre/page-09d12a7e03b0ea4d.js,79759
/_next/static/chunks/app/learn/comprendre/page-09d12a7e03b0ea4d.js.map,134107
/_next/static/chunks/app/learn/hub/page-b2aecad9dcbedf5d.js,42429
/_next/static/chunks/app/learn/hub/page-b2aecad9dcbedf5d.js.map,61890
/_next/static/chunks/app/learn/layout-75b647f2a69400ee.js,502
/_next/static/chunks/app/learn/ressources/page-5e0ebd912e6622b0.js,14912
/_next/static/chunks/app/learn/ressources/page-5e0ebd912e6622b0.js.map,31195
/_next/static/chunks/app/learn/sentrainer/page-f4ad998d4ba9800b.js,40585
/_next/static/chunks/app/learn/sentrainer/page-f4ad998d4ba9800b.js.map,101785
/_next/static/chunks/app/loading-75b647f2a69400ee.js,502
/_next/static/chunks/app/mentions-legales/page-01c8407e53f84686.js,1341
/_next/static/chunks/app/mentions-legales/page-01c8407e53f84686.js.map,5617
/_next/static/chunks/app/not-found-b8dfb8c29cc50d72.js,4836
/_next/static/chunks/app/not-found-b8dfb8c29cc50d72.js.map,15689
/_next/static/chunks/app/onboarding/localisation/page-79c32dc455473e8c.js,26614
/_next/static/chunks/app/onboarding/localisation/page-79c32dc455473e8c.js.map,85839
/_next/static/chunks/app/onboarding/page-01c8407e53f84686.js,1341
/_next/static/chunks/app/onboarding/page-01c8407e53f84686.js.map,5611
/_next/static/chunks/app/page-bc65bb693b32d349.js,15007
/_next/static/chunks/app/page-bc65bb693b32d349.js.map,62837
/_next/static/chunks/app/politique-confidentialite/page-3f9c9700d7f61193.js,300
/_next/static/chunks/app/politique-confidentialite/page-3f9c9700d7f61193.js.map,497
/_next/static/chunks/app/politique-cookies/page-30180d4c520acff4.js,243
/_next/static/chunks/app/politique-cookies/page-30180d4c520acff4.js.map,312
/_next/static/chunks/app/preview/actions/new/page-3594d9783f4db8e0.js,270
/_next/static/chunks/app/preview/actions/new/page-3594d9783f4db8e0.js.map,397
/_next/static/chunks/app/reglages/page-0e42da60ff62229e.js,4602
/_next/static/chunks/app/reglages/page-0e42da60ff62229e.js.map,13412
/_next/static/chunks/app/robots.txt/route-75b647f2a69400ee.js,502
/_next/static/chunks/app/sign-in/[[...sign-in]]/page-dbf0b284333cf47b.js,4588
/_next/static/chunks/app/sign-in/[[...sign-in]]/page-dbf0b284333cf47b.js.map,16760
/_next/static/chunks/app/sign-up/[[...sign-up]]/page-dbf0b284333cf47b.js,4588
/_next/static/chunks/app/sign-up/[[...sign-up]]/page-dbf0b284333cf47b.js.map,16760
/_next/static/chunks/app/sitemap.xml/route-75b647f2a69400ee.js,502
/_next/static/chunks/cd24890f-2cfda1fb1215f5f0.js,187760
/_next/static/chunks/cd24890f-2cfda1fb1215f5f0.js.map,233849
/_next/static/chunks/e89fb3a8-a80f99d56cd74dd4.js,148495
/_next/static/chunks/e89fb3a8-a80f99d56cd74dd4.js.map,542806
/_next/static/chunks/f037622c-e7f7d042efdf718e.js,79726
/_next/static/chunks/f037622c-e7f7d042efdf718e.js.map,277076
/_next/static/chunks/framework-76c07e964363de14.js,189750
/_next/static/chunks/framework-76c07e964363de14.js.map,690083
/_next/static/chunks/main-app-b74c6661dc0a879d.js,4150
/_next/static/chunks/main-app-b74c6661dc0a879d.js.map,12706
/_next/static/chunks/main-b5a2c6e3feb5155a.js,341886
/_next/static/chunks/main-b5a2c6e3feb5155a.js.map,1733217
/_next/static/chunks/next/dist/client/components/builtin/app-error-75b647f2a69400ee.js,502
/_next/static/chunks/next/dist/client/components/builtin/forbidden-75b647f2a69400ee.js,502
/_next/static/chunks/next/dist/client/components/builtin/global-error-0ecdb797ac1f9ad9.js,243
/_next/static/chunks/next/dist/client/components/builtin/global-error-0ecdb797ac1f9ad9.js.map,353
/_next/static/chunks/next/dist/client/components/builtin/unauthorized-75b647f2a69400ee.js,502
/_next/static/chunks/polyfills-42372ed130431b0a.js,112594
/_next/static/chunks/webpack-9e69ce2c68c5a2f6.js,6109
/_next/static/chunks/webpack-9e69ce2c68c5a2f6.js.map,19358
/_next/static/css/0db0dcb63964e2b7.css,14465
/_next/static/css/0db0dcb63964e2b7.css.map,7321
/_next/static/css/38015a0c758f43ec.css,503812
/_next/static/css/38015a0c758f43ec.css.map,649123
/_next/static/css/3ab1dbf22c327eb4.css,5353
/_next/static/css/3ab1dbf22c327eb4.css.map,7323
/_next/static/css/c2e02cbcae6293ac.css,11229
/_next/static/css/c2e02cbcae6293ac.css.map,20878
/_next/static/media/layers-2x.9859cd12.png,1259
/_next/static/media/layers.ef6db872.png,696
/_next/static/media/marker-icon.d577052a.png,1466
/_next/static/media/spritesheet-2x.53a2cab4.png,3581
/_next/static/media/spritesheet.ac8b36fa.svg,5551
/_next/static/media/spritesheet.c1d7d146.png,1906
/_next/static/not-found.txt,9
/_next/static/QfVs3OwBmjIjZXy0q_Y8d/_buildManifest.js,4815
/_next/static/QfVs3OwBmjIjZXy0q_Y8d/_ssgManifest.js,80
/,4627219
/_global-error,4627219
/_middleware,595231
/accueil,4627219
/actions/history,4627219
/actions/map,4627219
/actions/new,4627219
/admin,4627219
/admin/forms,4627219
/admin/godmode,4627219
/admin/services,4627219
/api/account/display-mode,4627219
/api/account/profile-role,4627219
/api/actions,4627219
/api/actions/import,4627219
/api/actions/map,4627219
/api/actions/prefill,4627219
/api/actions/simple,4627219
/api/admin/codex-usage,4627219
/api/admin/creator-inbox,4627219
/api/admin/environmental-impact,4627219
/api/admin/free-plan-services,4627219
/api/admin/moderation,4627219
/api/admin/operations,4627219
/api/admin/partners/published-directory,4627219
/api/admin/promotion-requests,4627219
/api/admin/role-accounts,4627219
/api/admin/storage-usage,4627219
/api/analytics/funnel,4627219
/api/chat,4627219
/api/chat/users,4627219
/api/community/bug-reports,4627219
/api/community/events,4627219
/api/community/events/ops,4627219
/api/community/funnel.csv,4627219
/api/community/promotion-requests,4627219
/api/community/rsvps,4627219
/api/cron/environmental-impact,4627219
/api/cron/storage-usage,4627219
/api/documentation/[slug],4627219
/api/email/test,4627219
/api/environmental-impact,4627219
/api/gamification/leaderboard,4627219
/api/gamification/me,4627219
/api/geo/address-suggestions,4627219
/api/health,4627219
/api/newsletter/subscribe,4627219
/api/notifications,4627219
/api/partners/onboarding-requests,4627219
/api/partners/published-directory,4627219
/api/pilotage/overview,4627219
/api/recycling/breakdown,4627219
/api/reports/actions.csv,4627219
/api/reports/actions.json,4627219
/api/reports/elus-dossier,4627219
/api/reports/governance-monthly,4627219
/api/route/recommend,4627219
/api/sandbox/runbook-checks,4627219
/api/send,4627219
/api/services,4627219
/api/spots,4627219
/api/stripe/webhook,4627219
/api/system/backpressure,4627219
/api/uptime,4627219
/api/users/checklist-progress,4627219
/api/users/profile/display-name-mode,4627219
/api/users/profile/handle,4627219
/community,4627219
/conditions-generales-utilisation,4627219
/conditions-utilisation,4627219
/contact,4627219
/dashboard,4627219
/declaration,4627219
/declaration-simple,4627219
/en,4627219
/error/429,4627219
/explorer,4627219
/form-comparison,4627219
/gamification,4627219
/learn/bonnes-pratiques,4627219
/learn/comprendre,4627219
/learn/hub,4627219
/learn/ressources,4627219
/learn/sentrainer,4627219
/mentions-legales,4627219
/messagerie,4627219
/methodologie,4627219
/missions/[id],4627219
/observatoire,4627219
/onboarding,4627219
/onboarding/localisation,4627219
/open-data,4627219
/parcours,4627219
/parcours/[profile],4627219
/partners/dashboard,4627219
/partners/network,4627219
/partners/onboarding,4627219
/pilotage,4627219
/politique-confidentialite,4627219
/politique-cookies,4627219
/preview/actions/new,4627219
/prints/report,4627219
/profil,4627219
/profil/[profile],4627219
/profil/impact,4627219
/reglages,4627219
/reports,4627219
/sandbox,4627219
/sections/[sectionId],4627219
/sections/route,4627219
/sign-in/[[...sign-in]],4627219
/sign-up/[[...sign-up]],4627219
/signalement,4627219
/sponsor-portal,4627219

